4/16/2019,tomtom results top estimates wins two highdefinition map deals 20190
4/16/2019,tiktok vanishes from google apple app stores in india after ban 20190
4/16/2019,foxconns gou throws hat in ring for taiwan presidency with blessing of sea goddess 20190
4/16/2019,foxconns gou in bid for taiwan presidency with blessing of sea goddess 20190
4/16/2019,foxconns gou to follow order of sea goddess in taiwan vote yet to declare presidential run 20190
4/16/2019,apples iphone xr is a hit in europe 
4/16/2019,foxconns gou says will follow order of sea goddess to run for taiwan presidency 20190
4/16/2019,apple and qualcomm settle their differences 
4/16/2019,netflix beats earnings but investors are still wary 
4/16/2019,netflix earnings feature record subscriber growth 
4/16/2019,with record quarter netflix strengthens its grip on the streaming crown 
4/16/2019,why qualcomm stock popped 23 today 
4/16/2019,dow closes higher on big boeing finish 
4/16/2019,close update nasdaq closes above 8000 as stocks post modest advance in tuesday trading 
4/16/2019,asia holds breath for china data dump nz slides 20190
4/16/2019,forget netflix apple should be buying roku 
4/16/2019,technology sector update for 04162019 vuziqcomwdctsmaaplea 
4/16/2019,technology sector update for 04162019 tsmaaplwdcea 
4/16/2019,tuesday apple rumors apple may release the iphone xe this year 
4/16/2019,apple arcade wont save the day but itll help apple stock 
4/16/2019,will apple buy huaweis 5g chips 
4/16/2019,netflix forecast disappoints as streaming competition looms 20190
4/16/2019,netflix forecasts weak subscriber additions in second quarter 20190
4/16/2019,lyft stock is the best vehicle to play the future of transportation 
4/16/2019,qualcomm stock jumps 23 percent on surprise settlement with apple 20190
4/16/2019,qualcomm shares soar on surprise settlement with apple of long legal dispute 20190
4/16/2019,qualcomm stock surges after settling long patent dispute with apple 20190
4/16/2019,apple qualcomm end litigations enter supply agreement 20190
4/16/2019,apple and qualcomm settle royalty dispute 20190
4/16/2019,even up 45 fb stock is worth a like ahead of nflx earnings 
4/16/2019,fried chicken vs 13 apple qualcomm explain claims to jury as trial opens 20190
4/16/2019,apple likens qualcomm chips to fried chicken as trial begins 20190
4/16/2019,is microsoft gunning for apple airpods with surface buds 
4/16/2019,google blocks chinese app tiktok in india after court order 20190
4/16/2019,microsoft to launch surface buds should aapl amp others worry 
4/16/2019,netflix to report earnings today will it top or flop 
4/16/2019,apple arcade may be its most important new subscription service 
4/16/2019,wall st inches higher on tech boost johnson  johnson earnings 20190
4/16/2019,us stockswall st inches higher on tech boost johnson  johnson earnings 20190
4/16/2019,4 reasons why investors have become too optimistic about disney stock 
4/16/2019,wall st rises on tech boost robust johnson  johnson earnings 20190
4/16/2019,us stockswall st rises on tech boost robust johnson  johnson earnings 20190
4/16/2019,indian court refuses to suspend ban order on chinese app tiktok 20190
4/16/2019,roku stock has a target on its back as apple revs up its tv engine 
4/16/2019,goldman sachs supertanker starts to turn 20190
4/16/2019,foxconns gou says may run for taiwan president step back from daily business 20190
4/16/2019,huawei says not discussed 5g chipsets with apple wins more telco gear contracts 20190
4/16/2019,huawei says not discussed 5g chipsets with apple 20190
4/15/2019,apple services strategy hits a speed bump 
4/15/2019,microsoft latest tech giant to build airpods rival 
4/15/2019,apple aapl gains as market dips what you should know 
4/15/2019,foxconn chairman mulls presidential bid plans to withdraw from daily ops 20190
4/15/2019,foxconn says gou will remain chairman to withdraw from daily operations 20190
4/15/2019,after hours most active for apr 15 2019 emb vips coty tal momo pcg key pfe yy efii ebay aapl 
4/15/2019,monday apple rumors apple arcade games may come to other platforms 
4/15/2019,can apple arcade truly out earn apple tv 
4/15/2019,microsoft pud ink deal for clean energy amp broadband services 
4/15/2019,how much higher than 200 can apple stock go 
4/15/2019,technology sector update for 04152019 phun lyft saic msft aapl ibm csco goog 
4/15/2019,3 ways ai is driving growth for amazon stock 
4/15/2019,alibaba stock is making a comeback 
4/15/2019,apple allies seek billions in us trial testing qualcomms business model 20190
4/15/2019,foxconn chairman gou aims to step down to pave way for younger talent 20190
4/15/2019,foxconn chairman says aims to step down to pave way for younger talent 20190
4/15/2019,vivendi presses on with umg stake sale as music arm drives revenue 20190
4/15/2019,foxconn chairman gou says he aims to step down in coming months 20190
4/14/2019,apple suppliers rescue leaves japan redfaced 20190
4/13/2019,inside softbanks push to rule the road 20190
4/12/2019,did amazon just wade into a data privacy nightmare or is it something else 
4/12/2019,sp takes back 2900 as stocks rally 
4/12/2019,disney dis announces price and launch date for disney 
4/12/2019,the 9 best stocks to buy for the next decade 
4/12/2019,can apple replicate apple musics success with its other services 
4/12/2019,apple board meetings could be getting awkward 
4/12/2019,friday apple rumors aapl patent mentions face id on mac 
4/12/2019,warren buffetts top 10 stock holdings 
4/12/2019,sirius xm to launch netflix is a joke radio on april 15 
4/12/2019,is it time to buy the spy 
4/12/2019,the zacks analyst blog highlights walt disney netflix amazon and apple 
4/12/2019,the zacks analyst blog highlights apple kla tencor intel cree and xilinx 
4/12/2019,disney stock soars on disney launch date and pricing 
4/12/2019,streaming losses to hurt disneys chances against amzn aapl 
4/12/2019,qorvo ups ante in power management with active semi buyout 
4/12/2019,should ishares russell top 200 etf iwl be on your investing radar 
4/12/2019,preit adds yard house at willow grove park enhances portfolio 
4/12/2019,technology sector update for 04122019 infy camp sabr msft aapl ibm csco goog 
4/12/2019,chinese group to get control of japan display after 21 bln bailout 20190
4/12/2019,japan display to come under chinese groups control after 21 bln bailout 20190
4/12/2019,japanese supplier to apple gets 11 bln in bailout from chinese group state fund 20190
4/12/2019,apples streaming strategy looks a lot like amazons 
4/11/2019,inside softbanks push to rule the road 20190
4/11/2019,should you buy netflix nflx stock ahead of q1 2019 earnings tuesday 
4/11/2019,4 big bank stocks ready to kick off earnings season 
4/11/2019,15 safe dividend stocks to buy for the rest of 2019 
4/11/2019,thursday apple rumors apple facing investigation from dutch antitrust group 
4/11/2019,apples antitrust scrutiny is heating up 
4/11/2019,3 semiconductor stocks to buy right now 
4/11/2019,apples homepod failure is a reflection of its bigger problem 
4/11/2019,netflix nflx q1 earnings to benefit from content strength 
4/11/2019,china smartphone shipment drop hurts apple aapl samsung 
4/11/2019,stock market news for apr 11 2019 
4/11/2019,disney unveils price launch date for big streaming push 20190
4/11/2019,disney announces price and date of new streaming service 20190
4/11/2019,disney hopes wall street bets on new global streaming service 20190
4/11/2019,technology sector update for 04112019 leds phun inpx msft aapl ibm csco goog 
4/11/2019,3 faang stocks powering the nasdaq index 
4/11/2019,recent downgrades present a real opportunity in roku stock 
4/11/2019,pc shipments soften in q1 lnvgy hpq dell amp aapl in view 
4/11/2019,is fidelity high dividend etf fdvv a strong etf right now 
4/11/2019,apple in dutch antitrust spotlight for allegedly promoting own apps 20190
4/11/2019,how movado competes in the apple watch era 
4/11/2019,apple says treats all app developers equally as dutch open probe 20190
4/11/2019,eu regulators say dutch apple probe complements their own investigation 20190
4/11/2019,buy cvs health as the stock hovers near 52 week lows 
4/11/2019,disney to pitch video streaming service to wall street 20190
4/11/2019,apple adds foxconn chip suppliers to clean energy program 20190
4/11/2019,china producer inflation picks up for first time in 9 months eases deflation worries 20190
4/10/2019,disney disneys pivot into tech 
4/10/2019,would apple really buy 5g modems from huawei 
4/10/2019,apple news attracted 200000 subscribers in its first week 
4/10/2019,apple is paying a boatload for texture 
4/10/2019,wednesday apple rumors next macos update may include new apps 
4/10/2019,apple stock gets hit with rare sell rating 
4/10/2019,noteworthy wednesday option activity aapl wcg dva 
4/10/2019,faanng stocks ranked from cheapest to most expensive 
4/10/2019,the growth story of amazon stock remains intact 
4/10/2019,5 5g stocks to buy that will stream higher profits for investors 
4/10/2019,netflixs would be competitors must get this 1 thing right 
4/10/2019,analysts are increasingly bearish on roku should investors be worried 
4/10/2019,spy etho big etf inflows 
4/10/2019,zacks investment ideas feature highlights lyft morgan stanley apple and facebook 
4/10/2019,the zacks analyst blog highlights apple spotify alphabet amazon and tesla 
4/10/2019,qualcomm joins fray in data center chip should rivals worry 
4/10/2019,2 must see charts you need to check out before jumping on tesla stock 
4/10/2019,technology sector update for 04102019 sfet izea tsm msft aapl ibm csco goog 
4/10/2019,mobileirons new solutions to enhance workforce efficiency 
4/10/2019,pre market most active for apr 10 2019 atai amd azn aapl lyg huya qqq teva alc levi sqqq eric 
4/10/2019,why criteo stock fell 262 in march 
4/10/2019,is visa stock still a long term buy after 30 run 
4/10/2019,oprah winfrey and prince harry making mental health documentary for apple 20190
4/10/2019,for first time in a decade us companies could report lower profits on higher revenue 20190
4/10/2019,tech in drivers seat as sp 500 flirts with record 20190
4/10/2019,march mobile phone shipments to china fall 6 pct as economy slows 20190
4/10/2019,spotify expands google home mini promotion again 
4/9/2019,dan loeb can help sony handily sharpen its picture 20190
4/9/2019,beat the sampp 500 with the equal weight etf 
4/9/2019,did apple finally overtake spotify in the us 
4/9/2019,buy apple ahead of q2 earnings with aapl stock up 13 in the last month 
4/9/2019,netflix could already be taking a bite out of apples services growth 
4/9/2019,why healthcare could be the next big thing for apple stock 
4/9/2019,tuesday apple rumors apple working on mini led backlight devices 
4/9/2019,apple roundup beating spotify homepod price airpods ai hire more 
4/9/2019,when should i start investing 
4/9/2019,yoshida could be sony stocks steve jobs 
4/9/2019,why its the best and worst of times for google stock 
4/9/2019,netflix nflx withdraws support for apples airplay feature 
4/9/2019,dow movers cat dis 
4/9/2019,seagate unveils new lacie storage solutions at nab 2019 
4/9/2019,roku stock may stream difficulties despite massive growth 
4/9/2019,amazon focuses on clean energy to power aws infrastructure 
4/9/2019,us stocks on the moveboeing wynn resorts unitedhealth walt disney 20190
4/9/2019,us stockswall street falls as trade global growth concerns resurface 20190
4/9/2019,wall street falls as trade global growth concerns resurface 20190
4/9/2019,tuesdays vital data new age beverages boeing and roku 
4/9/2019,apple is reportedly prepping a new professional display 
4/9/2019,technology sector update for 04092019 kodk umc saic msft aapl ibm csco goog 
4/9/2019,us stocks on the moveapple boeing wynn resorts unitedhealth cigna 20190
4/9/2019,pre market most active for apr 9 2019 zgnx nvs qqq x phas ge aapl chk sqqq nok amd acb 
4/9/2019,should wisdomtree us earnings 500 fund eps be on your investing radar 
4/9/2019,us stocks on the moveapple facebook boeing wynn resorts 20190
4/9/2019,qualcomm loses court bid against eu antitrust regulators demand for data 20190
4/9/2019,services definitely are the next big mover for apple stock 
4/8/2019,intels chip issues are hurting these 3 tech giants 
4/8/2019,apple aapl outpaces stock market gains what you should know 
4/8/2019,market close report nasdaq composite index closes at 795388 up 1519 points 
4/8/2019,boeing drags on dow sp extends win streak 
4/8/2019,iphone hype builds again 5 stocks on the rise 
4/8/2019,monday apple rumors two triple lens oled iphones coming in 2019 
4/8/2019,the verdict is in qualcomm stock is a buy 
4/8/2019,apple aapl brings down music subscription price in india 
4/8/2019,netflix kills airplay support bruising apples tv ambitions 
4/8/2019,stock market news for apr 8 2019 
4/8/2019,the move to cloud gaming only helps microsoft stock 
4/8/2019,should apple aapl pivot from its ma strategy 
4/8/2019,how to approach microsoft stock as the rally softens 
4/8/2019,2 top small cap stocks to buy in april 
4/8/2019,google to launch new devices boost smartphone presence 
4/8/2019,technology sector update for 04082019 dxc acn tdc msft aapl ibm csco goog 
4/8/2019,loebs third point building stake to pressure sony 20190
4/8/2019,eus vestager says europe must lead the way with a digital tax 20190
4/8/2019,investors flock to saudi aramcos debut international bond 20190
4/8/2019,aramcos international bond attracts strong interest as demand tops 30 bln 20190
4/7/2019,apple makes yet another high profile artificial intelligence hire 
4/7/2019,will apples pivot to services reignite its growth story 
4/7/2019,broadcoms top competitive advantages 
4/7/2019,why spotify is suing apple 
4/7/2019,tech stock news apple news grabs subscribers and snap launches new features 
4/7/2019,apple slashes the homepods price does anyone care 
4/6/2019,facebook wants to change how you consume news 
4/6/2019,heres how much skyworks depends on apple 
4/6/2019,3 hot tech stocks reporting earnings in april 
4/5/2019,apple leaves cirrus logic out in the cold again 
4/5/2019,why costco stock rose 11 in march 
4/5/2019,apples newest headphones may be better than airpods 
4/5/2019,friday apple rumors apple music passes spotify paid subscriber count in us 
4/5/2019,contrary to prior reports apple finally overtakes spotify in the us 
4/5/2019,bezos amazon stock owners mostly unscathed by divorce 
4/5/2019,us stockssp posts 7day winning streak as jobs data allay economic fears 20190
4/5/2019,sp posts 7day winning streak as jobs data allay economic fears 20190
4/5/2019,is it time to take profits in roku stock after a rewarding quarter 
4/5/2019,wall street rises as jobs data allay economic concerns 20190
4/5/2019,us stockswall street rises as jobs data allay economic concerns 20190
4/5/2019,is ishares msci acwi low carbon target etf crbn a strong etf right now 
4/5/2019,fitbit fit snap team up to bring bitmojis to smartwatch 
4/5/2019,amazon to launch earbuds up its game against aapl amp others 
4/5/2019,crucescobhp americas boss says miners must make copper greener 20190
4/5/2019,amazon is coming after apples airpods with alexa wireless earbuds 
4/5/2019,apple musics us subscriber count overtakes spotify 20190
4/5/2019,wall street rises on jobs data trade optimism 20190
4/5/2019,us stockswall street rises on jobs data trade optimism 20190
4/5/2019,is apples homepod price cut a threat to amazon amp google 
4/5/2019,us stockswall street chugs higher on jobs data trade optimism 20190
4/5/2019,wall street chugs higher on jobs data trade optimism 20190
4/5/2019,us stocksrebound in job growth pushes wall st higher trade hopes add to optimism 20190
4/5/2019,rebound in job growth pushes wall st higher trade hopes add to optimism 20190
4/4/2019,apple slashes homepod pricing 
4/4/2019,samsung elec sees lowest quarterly profit in more than two years 20190
4/4/2019,samsung elec says q1 profit likely fell 60 pct as chip prices hit 20190
4/4/2019,thursday apple rumors possible iphone 11 part leaks 
4/4/2019,apple responds to poor homepod sales with price cut 
4/4/2019,devices are just one component of fitbit stock 
4/4/2019,xlk ashs big etf inflows 
4/4/2019,apple stock is still ripe for the picking 
4/4/2019,apple looks set to resize the iphone 
4/4/2019,the zacks analyst blog highlights berkshire apple store general motors and wells fargo 
4/4/2019,can discovery disca tap markets that nflx dis overlooked 
4/4/2019,technology sector update for 04042019 aapl evop dox msft ibm csco goog 
4/4/2019,apple will likely announce a dividend increase this month 
4/4/2019,facebook launches whatsapp business for iphones 20190
4/4/2019,force tech giants to share data rather than break them up academics 20190
4/4/2019,whatsapp business launches on iphones 20190
4/4/2019,apple cuts iphone xr prices in india 20190
4/3/2019,paid music streaming hit a new milestone in 2018 
4/3/2019,2 stocks were watching now 
4/3/2019,samsung elec q1 earnings under pressure as chip prices fall 20190
4/3/2019,whats next for amd intel intc nvidia nvda amp micron mu stock 
4/3/2019,apple news grabbed 200000 subscribers in 2 days 
4/3/2019,disney stock will come down to the success or failure of disney 
4/3/2019,wednesday apple rumors 5g iphone may not launch until 2021 
4/3/2019,can apple survive a last place finish in the race to a 5g phone 
4/3/2019,vti aapl fb googl etf inflow alert 
4/3/2019,voo utsl big etf inflows 
4/3/2019,4 must watch warren buffett stocks for april 
4/3/2019,us stocks on the movechipmakers tesla boeing lyft raytheon tobacco stocks 20190
4/3/2019,can netflix nflx heave a sigh of relief after doj warning 
4/3/2019,how has the efficiency of facebooks sales and marketing spending evolved 
4/3/2019,logitech logi introduces new keyboard case for ipad pro 
4/3/2019,us stocks on the movetesla raytheon lyft gamestop moneygram chip stocks homebuilders 20190
4/3/2019,us stocks on the movelyft pge boeing raytheon gamestop chip stocks 20190
4/3/2019,wall street leans upward pre bell futures green europe higher asia advances 
4/3/2019,us stocks on the movechipmakers gamestop blue apron advaxis fusion connect 20190
4/3/2019,iheartmedia tunes into ipo as it nears bankruptcy exit 20190
4/3/2019,iheartmedia inc files for ipo as it nears bankruptcy exit 20190
4/3/2019,japan display to supply oled screens for apple watch 20190
4/2/2019,cirrus logic not in apples latest airpods relax 
4/2/2019,apple earnings mark your calendar 
4/2/2019,market close report nasdaq composite index closes at 784869 up 1978 points 
4/2/2019,apple aapl reduces flagship products prices in china 
4/2/2019,sp nasdaq nab fourth straight win 
4/2/2019,where will apple be in a year 
4/2/2019,will apples new iphones be too far behind 
4/2/2019,noteworthy tuesday option activity googl diod aapl 
4/2/2019,why investors should bet on verizon stock 
4/2/2019,tuesday apple rumors 2020 lineup may include three oled iphones 
4/2/2019,2 things i want to see from apples capital return update 
4/2/2019,spy psmg big etf outflows 
4/2/2019,google updates gmail bolsters e mail client space reach 
4/2/2019,how will facebooks free cash flow be affected by increased focus on platform health 
4/2/2019,apple may add higher capacity batteries in 2019 iphones1 
4/2/2019,are the bulls right about lumentums future 
4/2/2019,dow movers dwdp aapl 
4/2/2019,googl aapl msft amp amzn look to keep up with the edtech fad 
4/2/2019,is criteo a buy 
4/2/2019,technology sector update for 04022019 sfet nvmi it msft aapl ibm csco goog 
4/2/2019,facebook fb may get a news tab soon should apple worry 
4/2/2019,swiss court backs swatch in think different row with apple 20190
4/2/2019,saudi aramco is big just not big enough 20190
4/2/2019,the year of the ipo 
4/2/2019,apple luxury brands drop prices in china on vat cut 20190
4/2/2019,apple luxury brands drop china prices as vat cuts take effect 20190
4/2/2019,apple loses one of its most important engineers 
4/1/2019,apple luxury brands drop china prices as vat cuts come into effect 20190
4/1/2019,saudi aramco tops apple as worlds most profitable company 
4/1/2019,apple is willing to sacrifice apple tv for apple tv 
4/1/2019,apple aapl gains but lags market what you should know 
4/1/2019,stock market today apple kills airpower cuts prices in china 
4/1/2019,after hours most active for apr 1 2019 czr fitb rdwr msft aapl qqq 
4/1/2019,did apple unveil its next big thing last week or not 
4/1/2019,apple shows signs of weakness after canceling airpower wireless charger 
4/1/2019,why the big picture has turned bearish in netflix stock 
4/1/2019,monday apple rumors 2019 iphone may support two way wireless charging 
4/1/2019,uncertainty and inconsistency continue to plague sony stock 
4/1/2019,even with apple tv roku can thrive 
4/1/2019,strong q1 with faang leading the charge what can we expect next 
4/1/2019,a foolish take the top 4 music streaming services in the us 
4/1/2019,dow analyst moves aapl 
4/1/2019,how has the operating leverage in facebooks business evolved 
4/1/2019,how are facebooks revenues linked to us elections 
4/1/2019,apple pulls the plug on airpower 
4/1/2019,wall street sees best quarter in a decade 5 winners 
4/1/2019,technology sector update for 04012019 frsx eric nok msft aapl ibm csco goog 
4/1/2019,here is why both apple tv amp disney should bother netflix 
4/1/2019,is apple news a game changer or too little too late 
4/1/2019,apple loses top chip expert 
4/1/2019,us stockswall street set to rally on china data trade hopes 20190
4/1/2019,wall street set to rally on china data trade hopes 20190
4/1/2019,us stocksfutures surge on china factory data bounce trade hopes 20190
4/1/2019,futures surge on china factory data bounce trade hopes 20190
4/1/2019,focuswhen it comes to disclosing sponsors your google assistant may be mute 20190
4/1/2019,global factory activity weak in march as clouds gather 20190
4/1/2019,autos lead rally in european shares on trade hopes china data 20190
4/1/2019,israeli adtech firm ironsource sees revenue of 900 mln in 2019 20190
4/1/2019,european shares rally on trade cheer upbeat china factory data 20190
4/1/2019,foxconn stumbles in first steps away from apple 20190
4/1/2019,aramcos 10 blnplus bond plan shows profits put top earner apple in shade 20190
4/1/2019,aramco eclipses top earner apple ahead of debut 10 blnplus bond sale 20190
3/31/2019,chinas factory activity picks up slightly but asia broadly weak 20190
3/31/2019,your smartwatch could now cost more than your smartphone 
3/31/2019,troubled apple supplier japan display to seek funding shares surge 20190
3/31/2019,dont worry about apples airpods share loss 
3/31/2019,whats the point of apple arcade 
3/31/2019,its too little too late for apple stock 
3/31/2019,heres how the apple card will boost the companys digital payments strategy 
3/30/2019,apple stock gets boost as app store revenue seen to double by 2023 
3/30/2019,heres the spotify stock play to set up for monday morning 
3/30/2019,apple arcade could upend the gaming industry 
3/30/2019,tech stocks this week apples new services and lyfts ipo 
3/30/2019,apple tv channels is a big change to apples subscription model 
3/30/2019,daimler asks eu antitrust regulators to probe nokia patents 20190
3/29/2019,friday apple rumors schematics may show rear camera on 2019 iphone 
3/29/2019,how can the controversies surrounding facebook impact the companys valuation 
3/29/2019,buy micron mu stock on momentum amp analyst positivity despite headwinds 
3/29/2019,apple in rare reversal pulls plug on wireless charging mat 20190
3/29/2019,apple aapl acknowledges issues in latest macbook keyboard 
3/29/2019,dow 30 stock roundup apple launches new services jpmorgan to trim wealth jobs 
3/29/2019,technology sector update for 03292019 dpw prgs vjet msft aapl ibm goog csco 
3/29/2019,3 tech stocks that will shake things up this year 
3/29/2019,apple stock needs a solution to falling margins or face a correction 
3/29/2019,foxconn posts fall in q4 profit beating estimates 20190
3/29/2019,blackberry forecasts higher revenue as bets on new tech pays off 20190
3/29/2019,blackberry profit beats on higher fee from licensing patented tech 20190
3/29/2019,blackberry posts fourthquarter profit on licensing and ip boost 20190
3/29/2019,chinas agbank posts first quarterly profit decline since 2015 20190
3/28/2019,why apples new streaming tv service doesnt need to rival netflix 
3/28/2019,top etf picks for your ira 
3/28/2019,what is facebooks revenue breakdown 
3/28/2019,thursday apple rumors apple may make underwater photography easier 
3/28/2019,lyft valued at 243 bln in first ridehailing ipo 20190
3/28/2019,lyft valued at 243 billion in first ridehailing ipo 20190
3/28/2019,apples troubles escalate rare apology issued 
3/28/2019,buffett says apple content plan hard to predict touts airline safety 20190
3/28/2019,interesting changes afoot at apple mcdonalds and maybe bed bath beyond 
3/28/2019,apple brings watch with ecg app amp afib feature to europe 
3/28/2019,sony shifting smartphone production from china to thailand 
3/28/2019,lululemon stock is near its all time high dont fade it yet 
3/28/2019,the zacks analyst blog highlights alphabet apple amazon and spotify 
3/28/2019,dont let the gimmicky apple card turn you away from visa stock 
3/28/2019,thursdays vital data centene netflix and apple 
3/28/2019,should i buy best buy stock after the oppenheimer upgrade 
3/28/2019,sony to close smartphone plant in china to cut costs 20190
3/28/2019,sony to close smartphone plant in china shift production to thailand 20190
3/27/2019,stocks settle choppy session lower 
3/27/2019,technology sector update for 03272019 amrcntwkaaplqcomrpd 
3/27/2019,wellcare acquisition brings more managed care to cnc stock 
3/27/2019,wednesday apple rumors apple pay expanding to more european countries 
3/27/2019,lyft raises ipo price target as investor fret over missing out 20190
3/27/2019,technology sector update for 03272019 ntwkaaplqcomrpd 
3/27/2019,3 reasons to stick with roku stock 
3/27/2019,apple stock is still a long term growth play 
3/27/2019,stock splits what all investors need to know 
3/27/2019,why amazon is celebrating the box office success of jordan peeles us 
3/27/2019,should someone acquire roku for 10 billion 
3/27/2019,dow movers dwdp aapl 
3/27/2019,company news for mar 27 2019 
3/27/2019,music streaming space peps up googl amzn amp others to watch 
3/27/2019,the zacks analyst blog highlights apple microsoft intuit hewlett packard and cisco systems 
3/27/2019,the zacks analyst blog highlights apple amgen united technologies travelers and xilinx 
3/27/2019,technology sector update for 03272019 scwx aapl qcom sne msft ibm csco goog 
3/27/2019,decker halliburton netflix amazon and apple highlighted as zacks bull and bear of the day 
3/27/2019,the world of apple just got a lot bigger 
3/27/2019,us stocksglobal growth worries bog down wall street 20190
3/27/2019,global growth worries bog down wall street 20190
3/27/2019,trade of the day apple stock reaches confluence resistance 
3/27/2019,3 big stock charts for wednesday chubb symantec and carmax 
3/27/2019,apple tv may be good for apple but it is no threat to netflix stock 
3/27/2019,infineon cuts sales forecast again on weak china car market 20190
3/27/2019,infineon cuts sales forecast again as china car sales drop 20190
3/27/2019,wall st treads water as global growth fears prevail 20190
3/27/2019,us stockswall st treads water as global growth fears prevail 20190
3/27/2019,goldmans apple pairing furthers banks massmarket ambitions 20190
3/26/2019,the problem with apples services strategy 
3/26/2019,3 ipos 2 very different stories 
3/26/2019,economic data keeps a lid on stock market gains 
3/26/2019,after hours most active for mar 26 2019 pkw v wp key celg csco qqq znga foe mrk hlt aapl 
3/26/2019,garmin to gain traction among golfers with approach s40 watch 
3/26/2019,technology sector update for 03262019 rpamscmndoiqaapl 
3/26/2019,apples new credit card may be less rewarding than you think 
3/26/2019,tuesday apple rumors wireless powerbeats image leaks 
3/26/2019,notable tuesday option activity amzn aapl googl 
3/26/2019,netflix competition steepens in broader streaming space 
3/26/2019,etfs to ride on share buyback craze 
3/26/2019,us stocks wall st climbs as financials snap five days of losses 20190
3/26/2019,wall st climbs as financials snap five days of losses 20190
3/26/2019,3 tech stocks for dividend investors to buy right now 
3/26/2019,its disney not apple that netflix has to worry about now 
3/26/2019,us stocks wall st edges up financials on track to snap losing streak 20190
3/26/2019,wall st edges up financials on track to snap losing streak 20190
3/26/2019,apple adds streaming news amp gaming to services portfolio 
3/26/2019,apples big event failed to impress investors 
3/26/2019,this is how the apple card will impact aapl stock 
3/26/2019,apple qualcomm gird for next phase of patent battle after mixed us rulings 20190
3/26/2019,dueling qualcomm apple rulings leave battle lines unchanged 20190
3/26/2019,qualcomm loses bid for apple iphone import ban in itc ruling 20190
3/26/2019,us trade judge recommends sales ban on some apple iphones 20190
3/26/2019,us trade judge recommends import ban on some apple iphones 20190
3/26/2019,apples vision for the future of television is stuck in the past 
3/26/2019,why aapls drop on yesterdays event shouldnt matter to investors 
3/26/2019,stock market news for mar 26 2019 
3/26/2019,tuesdays vital data nike apple and roku 
3/26/2019,us stocks on the moveviacom cbs carnival corp molina healthcare 20190
3/26/2019,tech energy shares prop up wall street 20190
3/26/2019,us stockstech energy shares prop up wall street 20190
3/26/2019,technology sector update for 03262019 ftnw mndo iq msft aapl ibm csco goog 
3/26/2019,why apples just announced news subscription service could be a hit 
3/26/2019,goldman gs debuts credit card in partnership with apple 
3/26/2019,us stocks on the moveviacom carnival kandi technologies biogen 20190
3/26/2019,did apple aapl just reinvent itself as a services company 
3/26/2019,us stockswall street lifted by gains in techs energy 20190
3/26/2019,wall street lifted by gains in techs energy 20190
3/26/2019,3 big stock charts for tuesday juniper networks lennar and franklin resources 
3/26/2019,huawei presents flagship smartphone in paris during chinese leaders visit 20190
3/26/2019,us stocks on the movecarnival corp viacom anadarko petroleum nvidia 20190
3/26/2019,wall st moves higher on tech financials boost 20190
3/26/2019,us stockswall st moves higher on tech financials boost 20190
3/26/2019,us stocks snapshotwall st opens higher on tech boost 20190
3/26/2019,wall st opens higher on tech boost 20190
3/26/2019,us stockswall street set for higher open after two days of losses 20190
3/26/2019,wall street set for higher open after two days of losses 20190
3/26/2019,michelle obamas recordselling memoir lifts bertelsmann 20190
3/26/2019,us stocksfutures edge higher after two sessions of declines 20190
3/26/2019,futures edge higher after two sessions of declines 20190
3/26/2019,smartphone supplier showdown skyworks solutions vs cirrus logic 
3/25/2019,apples new services anticipate password sharing 
3/25/2019,the details on apples new streaming tv service 
3/25/2019,apple aapl dips more than broader markets what you should know1 
3/25/2019,micron mu earnings amp revenue are expected to decline beyond 2019 
3/25/2019,stock market today apple rolls out new services 
3/25/2019,market close report nasdaq composite index closes at 763754 down 513 points 
3/25/2019,samsung elec flags earnings miss as chip prices slide 20190
3/25/2019,stocks drop as apple weighs after streaming event 
3/25/2019,5 top stock trades for tuesday aapl roku v tsla 
3/25/2019,apple just unveiled 4 new services what you need to know 
3/25/2019,whats next for nike stock amp why lululemon lulu is a buy before q4 earnings 
3/25/2019,is apple too late to streaming business 
3/25/2019,apple to launch a new credit card with goldman are the perks worth it 20190
3/25/2019,sp 500 slips with apple lingering fears on global growth 20190
3/25/2019,us stockssp 500 slips with apple lingering fears on global growth 20190
3/25/2019,monday apple rumors apple may announce games service today 
3/25/2019,us treasury yields hit lowest since late 2017 global stocks fall 20190
3/25/2019,10 tech stocks with key products that face an uncertain future 
3/25/2019,us stocks snapshoteconomic worries weigh on wall street 20190
3/25/2019,economic worries weigh on wall street 20190
3/25/2019,amazon removes crap from its platform to boost profits 
3/25/2019,stock market news apple prepares to battle netflix american airlines struggles with max cancellations 
3/25/2019,1 simple way apple might respond to slowing iphone sales 
3/25/2019,theres an opportunity brewing in twitter stock 
3/25/2019,us stockswall st falls with apple lingering global growth fears 20190
3/25/2019,wall st falls with apple lingering global growth fears 20190
3/25/2019,spy msft aapl brkb etf inflow alert 
3/25/2019,why apple stock could get a massive lift by 2021 
3/25/2019,may 3rd options now available for apple 
3/25/2019,apple partners with goldman to add a credit card to wallet 20190
3/25/2019,google to boost reach in online payment space with ebay deal 
3/25/2019,these new spotify accusations wont be a drag on apple stock 
3/25/2019,mondays vital data bank of america citigroup and apple 
3/25/2019,wall st falls on global growth worries 20190
3/25/2019,us stockswall st falls on global growth worries 20190
3/25/2019,technology sector update for 03252019 ncty dsgx msft aapl ibm csco goog 
3/25/2019,apple spotlights services with tv gaming and credit card offerings 20190
3/25/2019,apple enters video streaming updates news game and payment apps 20190
3/25/2019,apple updates news app digital wallet set to enter video streaming 20190
3/25/2019,apple invites hollywood to silicon valley in television push 20190
3/25/2019,apples aapl march 25 event what to expect 
3/25/2019,wall st ekes out gains global growth worries linger 20190
3/25/2019,us stockswall st ekes out gains global growth worries linger 20190
3/25/2019,wall st falls on global economic slowdown fears 20190
3/25/2019,us stockswall st falls on global economic slowdown fears 20190
3/25/2019,wall st set to open modestly lower as global growth fears persist 20190
3/25/2019,us stockswall st set to open modestly lower as global growth fears persist 20190
3/25/2019,us stocksfutures dip as global growth worries linger 20190
3/25/2019,futures dip as global growth worries linger 20190
3/25/2019,apple invites hollywood to silicon valley in tv push 20190
3/24/2019,focusapples iphone struggles unravel ambitions of japan display 20190
3/24/2019,all the new hardware apple released last week 
3/24/2019,why apple wont be the next netflix 
3/24/2019,china refuses to concede on us demands to ease curbs on tech firmsft 20190
3/24/2019,walmart dives deeper into consumer electronics 
3/23/2019,apples video streaming service might just be a revamped storefront 
3/23/2019,apples cook to china keep opening for sake of global economy 20190
3/22/2019,tech stocks this week apple rises instagram launches checkout feature and more 
3/22/2019,amazon stock is finally breaking out 
3/22/2019,friday apple rumors airpower reportedly launching in march 
3/22/2019,why the new york times wont be joining apples news service anytime soon 
3/22/2019,us stockswall st tumbles on global economic slowdown fears 20190
3/22/2019,wall st tumbles on global economic slowdown fears 20190
3/22/2019,7 reasons why apple streaming wont move the needle for apple stock 
3/22/2019,apple rises on upcoming streaming event buzz amp device updates 
3/22/2019,can amazons video ad plans disrupt google facebook duopoly 
3/22/2019,us stockswall st stumbles as investors spooked by signs of economic slowdown 20190
3/22/2019,wall st stumbles as investors spooked by signs of economic slowdown 20190
3/22/2019,mobile ad push could boost amazon stock 
3/22/2019,stock market news for mar 22 2019 
3/22/2019,the zacks analyst blog highlights apple intel advanced micro lenovo and hp 
3/22/2019,9 super safe growth stocks for long lasting dividends 
3/22/2019,fridays vital data apple micron technology and advanced micro devices 
3/22/2019,showtime for apple what to expect from mondays event 
3/22/2019,approaching 200 is apple stock still a buy 
3/22/2019,dow 30 stock roundup aapl refreshes product lineup ba wins 327m navy order 
3/22/2019,3 big stock charts for friday att morgan stanley and lowes companies 
3/22/2019,ignore the analysts and keep trading roku stock based on its story 
3/22/2019,australias myer department stores to stop selling apple products 20190
3/22/2019,australias myer department stores says to stop selling apple products 20190
3/22/2019,asian shares hold near 612month high fresh sinous trade talks awaited 20190
3/22/2019,focusapples iphone struggles unravel ambitions of japan display 20190
3/22/2019,us corporate breakups could be catalyst to change dow index 20190
3/22/2019,chinese smartphone firms jazz up products seize turf in home market from apple 20190
3/21/2019,should sony pull the plug on its smartphone business 
3/21/2019,asian shares hit 612month high on tech hopes us data 20190
3/21/2019,breaking down nikes nke q3 earnings north america china amp more 
3/21/2019,asian shares firm after solid us data tech sector hopes 20190
3/21/2019,can apple solve these consumer frustrations with video streaming 
3/21/2019,nasdaq composite index closes up 502 points for the week rising for the 5th straight day 
3/21/2019,close update technology sector rally sends us stocks higher as nasdaq leads major indexes 
3/21/2019,apple updates portfolio prior to streaming service launch 
3/21/2019,tech sector strength sparks stock market rally 
3/21/2019,6 must see stock trades for friday aapl qrvo ges sq ea 
3/21/2019,heres what the apple watch means for aapl stock 
3/21/2019,new york times ceo warns publishers ahead of apple news launch 20190
3/21/2019,the best way to join the netflix stock breakout 
3/21/2019,thursday apple rumors new airpower image leaks 
3/21/2019,apple stock upgraded what you need to know 
3/21/2019,investing in marijuana without tilray 
3/21/2019,netflix doesnt have to worry about apple yet 
3/21/2019,us stockswall street rises as apple tech shares climb 20190
3/21/2019,wall street rises as apple tech shares climb 20190
3/21/2019,us stocks snapshotwall st rises as apple tech shares climb 20190
3/21/2019,wall st rises as apple tech shares climb 20190
3/21/2019,apple breaks above 200 day moving average bullish for aapl 
3/21/2019,qqq jagg big etf inflows 
3/21/2019,is lyft the next blockbuster or blockbuster video 
3/21/2019,tech dominates wall street rally in wake of dovish fed statement 20190
3/21/2019,refileus stockstech dominates wall street rally in wake of dovish fed statement 20190
3/21/2019,apple debuts a host of product upgrades with no fanfare whatsoever 
3/21/2019,dow movers jpm aapl 
3/21/2019,alphabets new service center to boost self driving presence 
3/21/2019,yandex amp hyundai mobis collaborate on self driving cars 
3/21/2019,comcast to launch streaming video service for internet customers 20190
3/21/2019,qualcomm offers ai enabled chips for smarter audio apps 
3/21/2019,us stocks on the movebiogen apple conagra chipmakers 20190
3/21/2019,technology sector update for 03212019 spi csiq mu msft aapl ibm csco goog 
3/21/2019,tech powers wall streets recovery banks reel under feds dovish stance 20190
3/21/2019,us stockstech powers wall streets recovery banks reel under feds dovish stance 20190
3/21/2019,3 must see quotes from salesforces earnings call 
3/21/2019,dear apple is my heart ok 
3/21/2019,tesla sues former employees for allegedly stealing data autopilot source code 20190
3/21/2019,us stocks on the movebiogen apple conagra 20190
3/21/2019,us stockswall st gains as tech boost offsets bank losses after fed stance 20190
3/21/2019,wall st gains as tech boost offsets bank losses after fed stance 20190
3/21/2019,us stocks on the movebiogen guess apple micron 20190
3/21/2019,us stockswall st edges higher as tech boost counters losses in bank stocks 20190
3/21/2019,wall st edges higher as tech boost counters losses in bank stocks 20190
3/21/2019,us stocks on the movebiogen guess spi energy 20190
3/21/2019,us stocks on the moveguess inc micron technology steelcase inc 20190
3/20/2019,apples new airpods are a big deal 
3/20/2019,gadgets light up xiaomis future 20190
3/20/2019,heres why nike nke stock looks like a buy heading into q3 earnings 
3/20/2019,5 stocks to buy for the happiest employees 
3/20/2019,survey consumers are doubling or tripling down on streaming tv 
3/20/2019,wednesday apple rumors apple launches new airpods 
3/20/2019,apples third hardware announcement in 3 days airpods 2 
3/20/2019,3 quotinternet of thingsquot stocks to buy right now 
3/20/2019,apple launches new airpods here are the details 
3/20/2019,apple stock the green apple finally turns red 
3/20/2019,stock market news for mar 20 2019 
3/20/2019,a walmart tablet is another battle in its war with amazon 
3/20/2019,technology sector update for 03202019 smar tme msft aapl ibm csco goog 
3/20/2019,the zacks analyst blog highlights apple netflix roku disney and lenovo 
3/20/2019,streaming service competition only will serve to strengthen netflix stock 
3/20/2019,apple launches new airpods ahead of march 25 event 20190
3/20/2019,taiwan export orders fall most in nearly 3 years as tech slump drags on 20190
3/20/2019,weak smartphone demand hits iqes earnings shares tumble 20190
3/20/2019,xiaomi weathers china smartphone slowdown but growth worries hit shares 20190
3/20/2019,britains iqe reports lower fullyear operating profit 20190
3/19/2019,better buy apple vs microsoft 
3/19/2019,apple has another huawei problem 
3/19/2019,apple aapl dips more than broader markets what you should know 
3/19/2019,samsung elec sees green shoots in china smartphone business co 20190
3/19/2019,revealed the key metric showing apple has lost its innovative edge 
3/19/2019,can apples streaming service without netflix draw viewers 
3/19/2019,netflix execs welcome competition from apple while throwing a little shade 
3/19/2019,apple announces second hardware refresh this week potentially another tomorrow 
3/19/2019,how spotify is poised to boost spotify stock and hurt apple 
3/19/2019,tuesday apple rumors airpower may be close to launching 
3/19/2019,4 mega cap stocks to buy as they perk up 
3/19/2019,the apple heart study was successful at detecting a life threatening condition 
3/19/2019,google announces browserbased streaming game service 20190
3/19/2019,apple aapl watch can detect irregular heartbeat per study 
3/19/2019,garmins arm unveils new smartwatches expands portfolio 
3/19/2019,stock market news for mar 19 2019 
3/19/2019,basket these 5 etfs to tap march madness 
3/19/2019,google announces stadia video game streaming service 20190
3/19/2019,netflix wont be part of the new apple video streaming service 
3/19/2019,technology sector update for 03192019 stne yext bita msft aapl csco ibm goog 
3/19/2019,qualcomm stock is becoming more attractive 
3/19/2019,pre market most active for mar 19 2019 two alt sbgl acb san bhp whd sqqq qqq amd lptx aapl 
3/19/2019,us stockswall street set for higher open as fed expected to hold fire 20190
3/19/2019,game maker rovio ventures into augmented reality with new angry birds game 20190
3/19/2019,apple supplier ams agrees joint venture for environmental sensor business 20190
3/19/2019,austrias ams agrees environmental sensor jv 20190
3/19/2019,idc wearables volumes to approach 200 million this year 
3/19/2019,apples latest ipads could help keep the momentum going 
3/18/2019,2 big ipad updates revealed heres the skinny on apples latest model tablets 
3/18/2019,buy cheap micron mu stock before earnings despite chip price worries 
3/18/2019,netflix says it will not join apple tv service 20190
3/18/2019,3 top us stocks to watch in march 
3/18/2019,noteworthy monday option activity dakt fb aapl 
3/18/2019,breaking down nikes q3 earnings outlook ahead of march madness 
3/18/2019,apple updates ipad lineup ahead of services event 
3/18/2019,foxconn says wisconsin factory production to launch by 2020 20190
3/18/2019,us stockswall st advances ahead of fed policy meeting 20190
3/18/2019,wall st advances ahead of fed policy meeting 20190
3/18/2019,a foolish take the iphones market share in the us is still growing 
3/18/2019,monday apple rumors apple launches new 105 inch ipad air 
3/18/2019,apple releases new ipad air ipad mini 
3/18/2019,is there something wrong with amazon stock 
3/18/2019,apples heavy discounts forecast a headwind for margins 
3/18/2019,wall st inches higher ahead of fed policy meeting 20190
3/18/2019,us stockswall st inches higher ahead of fed policy meeting 20190
3/18/2019,deutsche merger move takes european stocks rally to fourth day 20190
3/18/2019,us stocks on the moveboeing tesla facebook apple 20190
3/18/2019,us stockswall st treads water as boeing facebook weigh fed meeting on tap 20190
3/18/2019,wall st treads water as boeing facebook weigh fed meeting on tap 20190
3/18/2019,technology sector update for 03182019 pxlw qcom viot msft aapl ibm csco goog 
3/18/2019,should wisdomtree us earnings 500 fund eps be on your investing radar 
3/18/2019,qualcomm gets 3 favorable patent verdicts from us jury 
3/18/2019,us stocks on the moveedwards lifesciences boeing apple worldpay facebook 20190
3/18/2019,us stockstech boosts wall street boeing keeps dow in check 20190
3/18/2019,tech boosts wall street boeing keeps dow in check 20190
3/18/2019,3 big stock charts for monday morgan stanley applied materials and kimberly clark 
3/18/2019,wall street lifted by tech stocks boeing drags on dow 20190
3/18/2019,us stockswall street lifted by tech stocks boeing drags on dow 20190
3/18/2019,apple unveils new ipad updates mini ahead of video streaming launch 20190
3/18/2019,apple launches 105inch ipad updates mini ahead of march 25 event 20190
3/18/2019,apple launches ipad air and mini ahead of march 25 event 20190
3/18/2019,5 warren buffett stocks hes likely in for the long term 
3/17/2019,forget fitbit huami is a better wearables stock 
3/16/2019,battle of dividends apple vs microsoft 
3/16/2019,apple watch detects irregular heart beat in large us study 20190
3/16/2019,trade tech spark risk on session for stocks 
3/16/2019,5 top stock trades for monday apple aurora adobe tesla ulta 
