,TSLA
3/27/2019,why ford reshuffled its electric vehicle plans 
3/27/2019,us stocks on the movehomebuilders wellcare shoe carnival avon dropcar 20190
3/27/2019,us stocks on the movewellcare health plans centene lennar at home 20190
3/27/2019,us stocks on the movewellcare health plans centene at home group moleculin biotech 20190
3/27/2019,us stocks on the movewellcare health moleculin centene skechers cronos 20190
3/26/2019,the tesla trade 
3/26/2019,5 must see stock charts oil jnj bbby ccl and nio 
3/26/2019,teslas elon musk sec to face off in us court on april 4 20190
3/26/2019,us judge schedules hearing in sec lawsuit against teslas musk 20190
3/26/2019,nasdaq 100 movers tfcf nvda 
3/26/2019,who are teslas lithium suppliers 
3/25/2019,a closer look at the model ys potential for tesla 
3/25/2019,tesla tsla dips more than broader markets what you should know1 
3/25/2019,why autonomous vehicles are such a game changer for uber and lyft 
3/25/2019,5 top stock trades for tuesday aapl roku v tsla 
3/25/2019,tesla elon musk win dismissal of lawsuit over model 3 production 20190
3/25/2019,nasdaq 100 movers tsla orly 
3/25/2019,us stocks on the moveviacom akamai technologies avaya recro pharma 20190
3/25/2019,consumer sector update for 03252019 tsla pm wgo wmt mcd dis cvs ko 
3/25/2019,us stocks on the moveviacom akamai technologies kohls curis recro pharma 20190
3/25/2019,us stocks on the moveviacom avaya akamai curis nu skin 20190
3/25/2019,us stocks on the moveavaya curis the9 recro pharma 20190
3/24/2019,5 ways technology can transform the marijuana industry 
3/23/2019,3 reasons why tesla investors should ignore the model y rollout 
3/22/2019,top analyst reports for alphabet wells fargo petrochina 
3/22/2019,musks lawyers call tweet in us secs contempt bid not material 20190
3/22/2019,musks lawyers say us sec has not met heavy burden to show contempt 20190
3/22/2019,pge bankruptcy threatens major battery storage project 20190
3/22/2019,ford stock is a screaming buy at current prices 
3/22/2019,us stockswall st tumbles on global economic slowdown fears 20190
3/22/2019,wall st tumbles on global economic slowdown fears 20190
3/22/2019,what do gaming stocks and marijuana stocks have in common 
3/22/2019,us stockswall st stumbles as investors spooked by signs of economic slowdown 20190
3/22/2019,wall st stumbles as investors spooked by signs of economic slowdown 20190
3/22/2019,us stocks on the movetesla ge nike southwest airlines biogen 20190
3/22/2019,us stocks on the movenike biogen best buy tesla boeing 20190
3/22/2019,us stocks on the movenike tesla boeing papa johns 20190
3/21/2019,teslas musk tells employees vehicle deliveries primary priority near end of first quarter 20190
3/21/2019,noteworthy thursday option activity cece coty tsla 
3/21/2019,the 7 best stocks in the entrepreneur index 
3/21/2019,tesla sues former employees for allegedly stealing data autopilot source code 20190
3/21/2019,what happens to tesla stock after model y launch 
3/20/2019,5 top stock trades for thursday sp 500 nflx fdx roku 
3/20/2019,why the long term bull thesis on tesla stock remains strong 
3/20/2019,a new approach to ev marketing will do wonders for ford stock 
3/20/2019,ford adds production of electric vehicles at 2nd n american site 20190
3/20/2019,starbucks sets up 100 mln fund to invest in food and retail startups 20190
3/20/2019,teslas meandering energy strategy is still killing solar 
3/19/2019,tesla tsla dips more than broader markets what you should know 
3/19/2019,why marijuana reits are one of the best investments today 
3/19/2019,tesla tsla unveils all electric model y for popular segment 
3/19/2019,us stocks on the moveamazon amd dsw chipmakers revlon vaxart 20190
3/19/2019,tesla is reportedly gearing up for a big quarter end delivery push 
3/18/2019,elon musk never sought approval for a single tesla tweet us sec tells judge 20190
3/18/2019,the model y could save tesla or destroy it 
3/18/2019,elon musk tweet about tesla violates settlement agreement us regulator tells court 20190
3/18/2019,why nio is not the tesla of china 
3/18/2019,us stocks on the moveboeing tesla facebook apple 20190
3/16/2019,tesla unveils model y what you need to know 
3/15/2019,stock market today teslas new crossover suv leaves investors wanting more 
3/15/2019,market close report nasdaq trading volume joins the top ten ranking for the year nasdaq composite index closes at 768853 
3/15/2019,the 5 best stocks to invest in self driving cars 
3/15/2019,why tesla stock fell friday 
3/15/2019,3 semiconductor stocks to buy right now 
3/15/2019,teslas competitors better pray elon musks latest prediction is wrong 
3/15/2019,nasdaq 100 movers adbe avgo 
3/15/2019,walmart and dominos the new tech stocks 
3/15/2019,tesla unveils the model y crossover suv 
3/15/2019,us stocks on the moveboeing tesla ge facebook amazon adobe 20190
3/15/2019,pre market most active for mar 15 2019 azn pkx kep sqqq lpl kb snap qqq tsla nwl amd fb 
3/15/2019,us stocks on the movetesla adobe amazon schlumberger facebook 20190
3/15/2019,cash demand concerns overshadow teslas suv launch 20190
3/15/2019,us stocks on the movebroadcom spotify adobe facebook amazon tesla 20190
3/15/2019,us stocks on the movetesla newell broadcom adobe amazon facebook 20190
3/15/2019,us stocks on the movetesla amazon facebook adobe ulta beauty kopin 20190
3/15/2019,tesla unveils model y as electric vehicle race heats up price starts at 39000 20190
3/15/2019,tesla unveils model y suv as electric vehicle competition heats up 20190
3/14/2019,selfdriving trucks expose chinese tech gap 20190
3/14/2019,stock market news facebook takes hits on 2 fronts tesla readies model y 
3/14/2019,tesla to unveil model y suv as electric vehicle competition heats up 20190
3/14/2019,bear of the day carscom cars 
3/14/2019,private space explorers set to gain from nasas 2020 budget 
3/14/2019,us stocks on the moveboeing facebook bristolmyers jj snap ge 20190
3/14/2019,auto stock roundup tsla ties up with china lenders for gigafactory hmc to recall 
3/14/2019,us stocks on the movehousing stocks snap facebook tesla boeing 20190
3/14/2019,us stocks on the movege snap jj tesla facebook 20190
3/14/2019,tesla stock is in turmoil and remains a short on every rally 
3/14/2019,us stocks on the moveapple boeing facebook snap johnson  johnson 20190
3/14/2019,tesla names zachary kirkhorn as cfo 20190
3/14/2019,us stocks on the movejohnson  johnson facebook tesla boeing snap 20190
3/14/2019,futures dip as trade uncertainty growth worries weigh 20190
3/14/2019,us stocksfutures dip as trade uncertainty growth worries weigh 20190
3/14/2019,focusmahindra takes second crack at us auto market with india tough offroader 20190
3/14/2019,china customs says it has lifted suspension on tesla model 3 imports 20190
3/14/2019,china customs lifts suspension on tesla model 3 imports 20190
3/13/2019,tesla tsla outpaces stock market gains what you should know 
3/13/2019,notable wednesday option activity tsla mrk goog 
3/13/2019,as us market heats up these marijuana stocks are cashing in 
3/13/2019,us stocks on the moveboeing tesla att mastercard apple 20190
3/13/2019,us stocks on the moveboeing tesla aurora cannabis cvs health rite aid 20190
3/13/2019,teslas big event what to expect 
3/13/2019,us stocks on the moverite aid tesla boeing cvs health 20190
3/13/2019,us stocks on the movetesla boeing rite aid cvs health corp 20190
3/13/2019,boeing keeps dow from joining rally 
3/12/2019,why teslas shift to an online sales model is positive for tesla stock 
3/12/2019,elon musks defense of his tesla tweet will get us sec response 20190
3/12/2019,us sec wants to respond to elon musks defense of tesla tweet 20190
3/12/2019,us sec seeks permission to reply to musk in tesla case 20190
3/12/2019,us regulator wants to reply to musk in tesla case 20190
3/12/2019,why boeing stock will soar again soon 
3/12/2019,company news for mar 12 2019 
3/12/2019,us stocks on the movealphabet tesla boeing stitch fix cocacola tobacco stocks 20190
3/12/2019,teslas latest breakthrough can reduce charge time by 50 percent 
3/12/2019,us stocks on the movetesla boeing stitch fix southwest airlines 20190
3/12/2019,tesla is completely out of control 
3/12/2019,us stocks on the movetesla boeing stitch fix cocacola 20190
3/11/2019,elon musk shoots down us regulators complaint about his tesla tweet 20190
3/11/2019,elon musks lawyers shoot down sec filing against tesla ceo 20190
3/11/2019,musks lawyers shoot down sec lawsuit 20190
3/11/2019,stock market today tesla plans price hikes pares store closures 
3/11/2019,consumer sector update for 03112019 ytraebixazulbabatsla 
3/11/2019,consumer sector update for 03112019 azulbabatsla 
3/11/2019,5 disruptive technologies that are moving too fast 
3/11/2019,ford stock vs ferrari stock value vs growth 
3/11/2019,us stocks on the moveboeing apple facebook mellanox nvidia 20190
3/11/2019,tesla stock needs more than a new product launch 
3/11/2019,consumer sector update for 03112019 tsla ttm baba wmt mcd dis cvs ko 
3/11/2019,us stocks on the moveboeing facebook apple nvidia mellanox 20190
3/11/2019,us stocks on the moveboeing tesla mellanox technologies 20190
3/11/2019,teslas musk nears deadline to respond to us sec contempt bid 20190
3/11/2019,tesla in talks with chinas catl for rechargeable batteries 20190
3/11/2019,tesla backtracks on store closures plans topend price rise 20190
3/11/2019,tesla to raise vehicle prices keep more stores open 20190
3/11/2019,tesla to raise vehicle prices by about 3 pct on average worldwide 20190
3/9/2019,tesla has some problems 
3/9/2019,is this the final nail in the coffin for teslas solarcity 
3/8/2019,5 top stock trades for monday okta tsla big nvda 
3/8/2019,nio stock is ready for a bullish test drive 
3/8/2019,tesla tsla inks deal with china lenders for gigafactory 
3/8/2019,elon musks spacex capsule splashes down off florida coast 20190
3/7/2019,how dividends affect early exercise of calls 
3/7/2019,tesla enters into agreement with chinese lenders for gigafactory 20190
3/7/2019,nasdaq 100 movers ctrp tsla 
3/7/2019,spacex ceo musks security clearance under review over pot use 20190
3/7/2019,musks spacex capsule set to splash down friday after space station stop 20190
3/7/2019,tesla ceo musks security clearance under review over pot use 20190
3/7/2019,zacks market edge highlights tesla biotelemetary amazon booking and nike 
3/7/2019,auto stock roundup ford to close plants in russia daimler amp bmw to tie up 
3/7/2019,did audi just disrupt teslas model y 
3/7/2019,hondas little electric car is headed to production this fall 
3/6/2019,shanghai construction group to build first phase of teslas shanghai plant 20190
3/6/2019,is starbucks stock a buy at all time highs 
3/6/2019,nio stock remains a high risk high reward play 
3/6/2019,investing in the innovation winners 
3/6/2019,nio stock is plunging but this is an opportunity to buy 
3/6/2019,reviewapalooza 5 stock samplers 
3/6/2019,us stocks on the moveaerovironment chip stocks beauty stocks ge abercrombie  fitch 20190
3/6/2019,sizing up the revenue potential of teslas upcoming model y 
3/6/2019,tesla to drop fuel savings ad for model 3 german industry association 20190
3/6/2019,us stocks on the moveabercrombie  fitch nio zayo titan medical 20190
3/6/2019,futures subdued due to lack of fresh catalysts 20190
3/6/2019,us stocksfutures subdued due to lack of fresh catalysts 20190
3/6/2019,stocks get stuck waiting for trade deal 
3/6/2019,teslas shanghai assembly plant to be completed in may govt official 20190
3/6/2019,tesla shanghai assembly plant to be completed in may govt official 20190
3/6/2019,focusa chaotic market for one sensor stalls selfdriving cars 20190
3/5/2019,nios right place right time may be shortlived 20190
3/5/2019,nasdaq 100 movers algn ctrp 
3/5/2019,us stocks on the movebarnes  noble education psychemedics us homebuilders big us banks revlon 20190
3/5/2019,can teslas tsla 35k model 3 drive the stock higher 
3/5/2019,us stocks on the movebig us banks barnes  noble education hertz kohls target 20190
3/5/2019,the 2 best alternative marijuana stocks to buy now 
3/5/2019,china agrees on solution to tesla customs issue 20190
3/5/2019,us stocks on the movekohls target hertz atlas financial gaia 20190
3/5/2019,us stocks on the moveatlas financial adamas pharma hertz best 20190
3/5/2019,us stocks on the moveadamas pharma target huya kohls 20190
3/5/2019,tesla blames misprinted label for china customs hiccup 20190
3/5/2019,china agrees to tesla remedy for model 3 customs block 20190
3/5/2019,tesla hits customs roadblock in china over model 3 imports 20190
3/5/2019,china suspends customs clearance for tesla model 3 imports  caixin 20190
3/4/2019,what you should expect from marijuana stocks that make the jump 
3/4/2019,tesla model y release date set what we know 
3/4/2019,why now is the time to buy gene therapy stocks 
3/4/2019,musk says 35000 model 3 to reach volume production midyear 20190
3/4/2019,nasdaq 100 movers wday amat 
3/4/2019,elon musk tweets tesla model y reveal on march 14 
3/4/2019,mondays vital data nutanix amazon and tesla 
3/4/2019,consumer sector update for 03042019 plce odp tsla wmt mcd dis cvs ko 
3/4/2019,options traders expect huge moves in tesla tsla stock 
3/4/2019,pre market most active for mar 4 2019 cifs chu nio nite sqqq chk qqq tsla nok apha asnd vale 
3/4/2019,us stocks on the movetesla eli lilly att mcdonalds amazon 20190
3/4/2019,us stocks on the movetesla office depot alibaba bed bath  beyond 20190
3/4/2019,wall st set to open higher as hopes of uschina trade deal rise 20190
3/4/2019,us stockswall st set to open higher as hopes of uschina trade deal rise 20190
3/4/2019,us stocks on the movetesla kraft heinz office depot alibaba 20190
3/4/2019,futures up on growing hopes of uschina trade deal 20190
3/4/2019,us stocksfutures up on growing hopes of uschina trade deal 20190
3/4/2019,teslas storeshuttering strategy may pull the rug out of solar 20190
3/3/2019,tesla to unveil model y on march 14 says musk 20190
3/2/2019,us agency probing 2 fatal tesla crashes in florida since sunday 20190
3/2/2019,spacex rocket with unmanned us capsule blasts off for space station 20190
3/1/2019,market close report nasdaq composite index closes at 759535 up 6282 points 
3/1/2019,consumer sector update for 03012019 tslagpsfnkowuba 
3/1/2019,5 top stock trades for monday tsla aapl amzn kr 
3/1/2019,tesla settles in cash 920 mln convertible bond obligation 20190
3/1/2019,why tesla stock was slammed friday 
3/1/2019,stock market news cheaper model 3 tanks tesla stock will buffett buy southwest 
3/1/2019,tesla stock is under pressure but its not game over 
3/1/2019,nasdaq 100 movers tsla jd 
3/1/2019,why the big picture outlook for tesla stock remains positive 
3/1/2019,wall street stock futures gain altitude as chinese manufacturing data buoys investor confidence 
3/1/2019,us stocks on the movegap walgreens boots tesla pge 20190
3/1/2019,tesla enters uncharted territory after move to dismantle store network 20190
3/1/2019,tesla shares down after surprise model 3 price drop store cuts 20190
3/1/2019,spacex to launch capsule to space station in key milestone 20190
3/1/2019,us stocks on the movegap walgreen boots immunogen pge corp 20190
3/1/2019,us stocks on the movetesla dell gap habit restaurants 20190
3/1/2019,us stocks on the movetesla immunogen foot locker gap 20190
3/1/2019,tesla shares down 5 pct after model 3 launch sales shakeup 20190
3/1/2019,us stocksfutures hold gains after benign inflation data 20190
3/1/2019,futures hold gains after benign inflation data 20190
3/1/2019,us stocks on the movegap immunogen foot locker nutanix 20190
3/1/2019,us stocksfutures bounce as focus shifts to inflation factory data 20190
3/1/2019,futures bounce as focus shifts to inflation factory data 20190
2/28/2019,teslas 35000 model 3 launches finally 
2/28/2019,8 stocks to buy whose productsamericaloves 
2/28/2019,is now the best time to hit pause on tesla stock 
2/28/2019,tesla debuts 35000 model 3 sees loss in first quarter 20190
2/28/2019,when elon musk tweets the sec chastens 
2/28/2019,tesla to close many stores as 35000 model 3 goes on sale 20190
