,JPM
3/28/2019,zacks earnings trends highlights costco autozone fedex jpmorgan and wells fargo1 
3/28/2019,financial sector update for 03282019 jef gs jpm bac wfc c usb 
3/28/2019,jpmorgan to trim wealth jobs after periodic review of staff 
3/28/2019,fulton financial corporation fult ex dividend date scheduled for march 29 2019 
3/28/2019,washington trust bancorp inc wash ex dividend date scheduled for march 29 2019 
3/28/2019,international bancshares corporation iboc ex dividend date scheduled for march 29 2019 
3/28/2019,servisfirst bancshares inc sfbs ex dividend date scheduled for march 29 2019 
3/28/2019,state street corporation stt ex dividend date scheduled for march 29 2019 
3/28/2019,cbtx inc cbtx ex dividend date scheduled for march 29 2019 
3/28/2019,jefferies revenue hurt by us govt shutdown and weak markets in dec 20190
3/28/2019,saudi aramco to meet investors next week ahead of debut dollar bond 20190
3/27/2019,margin pressures weigh on earnings growth1 
3/27/2019,margin pressures weigh on earnings growth 
3/27/2019,fed rate hike pause could pressure bank of america stock 
3/27/2019,3 tech stocks for growth investors to buy right now 
3/27/2019,ishares core sp total us stock market etf experiences big inflow 
3/27/2019,stock market news for mar 27 2019 
3/27/2019,financial sector update for 03272019 db wei bx jpm wfc bac c usb 
3/27/2019,level one bancorp inc levl ex dividend date scheduled for march 28 2019 
3/27/2019,iberiabank corporation ibkc ex dividend date scheduled for march 28 2019 
3/27/2019,first bancorp fbnc ex dividend date scheduled for march 28 2019 
3/27/2019,first internet bancorp inbk ex dividend date scheduled for march 28 2019 
3/27/2019,bancfirst corporation banf ex dividend date scheduled for march 28 2019 
3/27/2019,ameris bancorp abcb ex dividend date scheduled for march 28 2019 
3/27/2019,ofg bancorp ofg ex dividend date scheduled for march 28 2019 
3/27/2019,fifth third bancorp fitb ex dividend date scheduled for march 28 2019 
3/27/2019,us bancorp usb ex dividend date scheduled for march 28 2019 
3/27/2019,jp morgan gender pay gap in uk falls slightly to 34 pct in 2018 20190
3/27/2019,turkeys regulator to probe jpmorgan jpm post lira slump 
3/27/2019,saudi aramco to buy sabic in 69 bln chemicals megadeal 20190
3/27/2019,barclays ceo staley grabs control of investment bank ousts throsby 20190
3/27/2019,barclays investment bank head leaves ceo takes closer control 20190
3/27/2019,jpmorgan chase stock is a no brainer to buy anywhere under 100 
3/26/2019,jpmorgan chase jpm outpaces stock market gains what you should know 
3/26/2019,is wells fargo a buy 
3/26/2019,looking to buy the dips 5 etf amp stock picks 
3/26/2019,this is how the apple card will impact aapl stock 
3/26/2019,financial sector update for 03262019 ma fds jpm bac wfc c usb 
3/26/2019,jpmorgan to shift 300 employees if no deal brexit occurs 
3/25/2019,forget apples credit card buy fintech power square sq stock on the dip 
3/25/2019,notable monday option activity nwsa biib jpm 
3/25/2019,5 dow jones stocks for the end of muellers investigation 
3/25/2019,best etfs for 2019 deflation holds down interest rates the xlf slows 
3/25/2019,financial sector update for 03252019 yrd jpm tmk bac wfc c usb 
3/25/2019,guaranty bancshares inc gnty ex dividend date scheduled for march 26 2019 
3/25/2019,jpmorgan wells fargo nike micron and fedex are part of zacks earnings preview 
3/25/2019,fifth third to expand digital capabilities with more hiring 
3/25/2019,jpmorgan asks 300 staff to move if no brexit deal 20190
3/25/2019,should ishares morningstar large cap value etf jkf be on your investing radar 
3/25/2019,turkey cds money market rates soar after regulator launches bank probes 20190
3/25/2019,jpmorgan awards research grants deepening its ai push 20190
3/25/2019,uaes shuaa capital adfg mandate banks on merger plan  adfg 20190
3/25/2019,turkish lira rebounds but concern lingers after selloff 20190
3/25/2019,turkish lira rebounds a bit after punishing selloff 20190
3/25/2019,turkish lira rebounds after steep losses government responses 20190
3/23/2019,3 top value stocks to buy in march 
3/23/2019,validea james p oshaughnessy strategy daily upgrade report 3232019 
3/22/2019,us stocks on the movetesla ge nike southwest airlines biogen 20190
3/22/2019,financial sector update for 03222019 hrzn fitb mbfi jpm bac wfc c usb 
3/22/2019,heres what feds dovish economic stance means for banks 
3/22/2019,dow 30 stock roundup aapl refreshes product lineup ba wins 327m navy order 
3/22/2019,us stocks on the movenike biogen best buy tesla boeing 20190
3/22/2019,wall st set for weaker open as global growth concerns weigh 20190
3/22/2019,us stockswall st set for weaker open as global growth concerns weigh 20190
3/22/2019,focusups eyes inhome health services with us vaccine project 20190
3/21/2019,nasdaq composite index closes up 502 points for the week rising for the 5th straight day 
3/21/2019,tech sector strength sparks stock market rally 
3/21/2019,dow movers jpm aapl 
3/21/2019,jpm named top dividend stock of the dow at dividend channel with 31 yield 
3/21/2019,stock market news for mar 21 2019 
3/21/2019,financial sector update for 03212019 rjf cvbf ares jpm wfc bac c usb 
3/21/2019,bank first national corporation bfc ex dividend date scheduled for march 22 2019 
3/21/2019,independent bank corp indb ex dividend date scheduled for march 22 2019 
3/21/2019,zacks earnings trends highlights costco autozone fedex jpmorgan and wells fargo 
3/21/2019,goldman sachs is down but not yet out in the gulf 20190
3/21/2019,us stockswall st set for lower open after feds abrupt dovish turn 20190
3/21/2019,wall st set for lower open after feds abrupt dovish turn 20190
3/21/2019,futures tread water after fed turns more accommodative 20190
3/21/2019,us stocksfutures tread water after fed turns more accommodative 20190
3/20/2019,weak earnings growth ahead 
3/20/2019,weak earnings growth ahead1 
3/20/2019,dow drops triple digits after fed 
3/20/2019,morgan stanley takes top spot in ranking of commodities banks 20190
3/20/2019,5 of the best dow jones stocks to buy for solid dividends 
3/20/2019,financial sector update for 03202019 ubs kkr v jpm bac wfc c usb 
3/20/2019,first midwest bancorp inc fmbi ex dividend date scheduled for march 21 2019 
3/20/2019,3 reasons to be bullish on disney stock 
3/20/2019,brazils neoenergia taps jpmorgan bofa and banco do brasil for ipo 20190
3/20/2019,investors snap up indias embassy office parks reit in 690 mln ipo 20190
3/20/2019,scrap foreign ownership caps on chinalisted firms investor group says 20190
3/20/2019,jpmorgan chase jpm dips more than broader markets what you should know 
3/19/2019,scrap foreign ownership caps investor group tells china 20190
3/19/2019,4 mega cap stocks to buy as they perk up 
3/19/2019,jpmorgan offers checkless accounts for low income customers 
3/19/2019,goldman sachs to acquire sampps investment advisory services 
3/19/2019,invesco ftse rafi us 1000 etf experiences big inflow 
3/19/2019,xlf ibd big etf inflows 
3/19/2019,financial sector update for 03192019 db gs ing aiz jpm bac wfc c usb 
3/19/2019,renasant corporation rnst ex dividend date scheduled for march 20 2019 
3/19/2019,synovus financial corp snv ex dividend date scheduled for march 20 2019 
3/19/2019,us stockswall street set for higher open as fed expected to hold fire 20190
3/19/2019,wall street set for higher open as fed expected to hold fire 20190
3/19/2019,metro kicks off china unit sale likely to fetch 2 bln valuation 20190
3/19/2019,starbucks gives its rewards program a friendly makevoer 
3/18/2019,dianrong boss daringly says what many are thinking 20190
3/18/2019,5 top stock trades for tuesday facebook tilray overstock 
3/18/2019,7 financial stocks to buy 
3/18/2019,axa to reduce stake in axa equitable below 50 pct via secondary offering 20190
3/18/2019,spdr sp 1500 value tilt etf insider buying index registering 103 
3/18/2019,financial sector update for 03182019 db qd ing jpm bac wfc c usb 
3/18/2019,peek under the hood ive has 12 upside 
3/18/2019,jpmorgan rolls out lowfee checkless nooverdraft accounts 20190
3/18/2019,jpmorgan chase tests neurosciencebased video games to recruit interns 20190
3/15/2019,noteworthy friday option activity rjf jpm gden 
3/15/2019,3 reasons jp morgan is a solid blue chip play 
3/15/2019,why warren buffett thinks jpmorgans stock could soar 
3/15/2019,dow 30 stock roundup pfes herceptin biosimilar gets fda nod vz to launch 5g soon 
3/15/2019,zacks earnings trends highlights costco autozone jpmorgan and wells fargo 
3/15/2019,financial sector update for 03152019 gnw bam env jpm bac wfc c usb 
3/15/2019,meridian bancorp inc ebsb ex dividend date scheduled for march 18 2019 
3/15/2019,bank stock roundup us china trade talks progress citi amp jpmorgan in focus 
3/14/2019,first earnings decline in three years 
3/14/2019,first earnings decline in three years1 
3/14/2019,5 top stock trades for friday cldr snap and the banks 
3/14/2019,forget free this etf will pay you to invest 
3/14/2019,dow movers wmt unh 
3/14/2019, company news for mar 14 2019 
3/14/2019,jpmorgan jpm to open 90 branches in 2019 hire new staff 
3/14/2019,dont write off banks play these 4 low pe stocks in 2019 
3/14/2019,financial sector update for 03142019 lx gs jpm wfc bac c usb 
3/14/2019,wells fargo awards ceo with pay hike gives performance bonus 
3/14/2019,stock yards bancorp inc sybt ex dividend date scheduled for march 15 2019 
3/14/2019,huntington bancshares incorporated hban ex dividend date scheduled for march 15 2019 
3/14/2019,first citizens bancshares inc fcnca ex dividend date scheduled for march 15 2019 
3/14/2019,chemung financial corp chmg ex dividend date scheduled for march 15 2019 
3/13/2019,wells fargo ceo gets 5 percent pay raise 20190
3/13/2019,there still are so many great reasons to buy bank of america stock 
3/13/2019,financial sector update for 03132019 intl ice ondk jpm wfc bac c usb 
3/13/2019,unity bancorp inc unty ex dividend date scheduled for march 14 2019 
3/13/2019,simmons first national corporation sfnc ex dividend date scheduled for march 14 2019 
3/13/2019,trico bancshares tcbk ex dividend date scheduled for march 14 2019 
3/13/2019,banc of california inc banc ex dividend date scheduled for march 14 2019 
3/13/2019,flushing financial corporation ffic ex dividend date scheduled for march 14 2019 
3/13/2019,community bank system inc cbu ex dividend date scheduled for march 14 2019 
3/13/2019,community bankers trust corporation esxb ex dividend date scheduled for march 14 2019 
3/13/2019,community trust bancorp inc ctbi ex dividend date scheduled for march 14 2019 
3/13/2019,riverview financial corporation rive ex dividend date scheduled for march 14 2019 
3/13/2019,fauquier bankshares inc fbss ex dividend date scheduled for march 14 2019 
3/13/2019,financial institutions inc fisi ex dividend date scheduled for march 14 2019 
3/13/2019,old line bancshares inc olbk ex dividend date scheduled for march 14 2019 
3/13/2019,merchants bancorp mbin ex dividend date scheduled for march 14 2019 
3/13/2019,premier financial bancorp inc pfbi ex dividend date scheduled for march 14 2019 
3/13/2019,republic bancorp inc rbcaa ex dividend date scheduled for march 14 2019 
3/13/2019,cf financial corporation cffi ex dividend date scheduled for march 14 2019 
3/13/2019,united community banks inc ucbi ex dividend date scheduled for march 14 2019 
3/13/2019,hawthorn bancshares inc hwbk ex dividend date scheduled for march 14 2019 
3/13/2019,dnb financial corp dnbf ex dividend date scheduled for march 14 2019 
3/13/2019,first horizon national corporation fhn ex dividend date scheduled for march 14 2019 
3/13/2019,citizens holding company cizn ex dividend date scheduled for march 14 2019 
3/13/2019,enterprise financial services corporation efsc ex dividend date scheduled for march 14 2019 
3/13/2019,carolina financial corporation caro ex dividend date scheduled for march 14 2019 
3/13/2019,prosperity bancshares inc pb ex dividend date scheduled for march 14 2019 
3/13/2019,qcr holdings inc qcrh ex dividend date scheduled for march 14 2019 
3/13/2019,wesbanco inc wsbc ex dividend date scheduled for march 14 2019 
3/13/2019,comerica incorporated cma ex dividend date scheduled for march 14 2019 
3/13/2019,summit financial group inc smmf ex dividend date scheduled for march 14 2019 
3/13/2019,centerstate bank corporation csfl ex dividend date scheduled for march 14 2019 
3/13/2019,valley national bancorp vly ex dividend date scheduled for march 14 2019 
3/13/2019,midsouth bancorp msl ex dividend date scheduled for march 14 2019 
3/13/2019,first financial bankshares inc ffin ex dividend date scheduled for march 14 2019 
3/13/2019,is fidelity high dividend etf fdvv a strong etf right now 
3/13/2019,vw halts truck unit ipo until market conditions improve 20190
3/13/2019,jpmorgans chase to open up to 90 branches in new us markets 20190
3/13/2019,jpmorgans chase to open up to 90 branches in nine us markets 20190
3/13/2019,jpmorgans chase to open 90 branches in nine top us markets 20190
3/12/2019,top financial stocks to buy in 2019 
3/12/2019,biontech hires banks for ipo worth up to 800 million 20190
3/12/2019,jpmorgan to offer lowest fee etf with us stock market exposure 
3/12/2019,financial sector update for 03122019 fanh tst cns jpm wfc bac c usb 
3/12/2019,wells fargo ceo avoids major stumble at heated congressional hearing 20190
3/12/2019,wells fargo ceo draws bipartisan ire in us congress hearing 20190
3/12/2019,ceo sloan pitches wells fargo turnaround to bank critics in congress 20190
3/11/2019,jpmorgan chase jpm gains but lags market what you should know 
3/11/2019,15 growth stocks to buy under 15x earnings 
3/11/2019,xlf qed big etf inflows 
3/11/2019,us stocks on the moveboeing apple facebook mellanox nvidia 20190
3/11/2019,the zacks analyst blog highlights ubs nomura jpmorgan hsbc and morgan stanley 
3/11/2019,financial sector update for 03112019 db c jpm bac wfc usb 
3/11/2019,univest financial corporation uvsp ex dividend date scheduled for march 12 2019 
3/11/2019,evans bancorp inc evbn ex dividend date scheduled for march 12 2019 
3/11/2019,should ishares russell top 200 value etf iwx be on your investing radar 
3/11/2019,jpmorgan merges commercial banking groups for fastgrowing startups 20190
3/11/2019,saudi aramcos board to meet to approve sabic bond plan 20190
3/10/2019,3 top bank stocks to buy right now 
3/8/2019,is facebook stock still a growth play or pure speculation 
3/8/2019,the zacks analyst blog highlights credit suisse ubs goldman jpmorgan and citigroup 
3/8/2019,financial sector update for 03082019 db rpc jpm bac wfc c usb 
3/8/2019,chinas new wealth industry regime charges up global banks 
3/8/2019,first us bancshares inc fusb ex dividend date scheduled for march 11 2019 
3/8/2019,the first of long island corporation flic ex dividend date scheduled for march 11 2019 
3/8/2019,penns woods bancorp inc pwod ex dividend date scheduled for march 11 2019 
3/8/2019,3 reasons that paypal stock is a solid buy right now 
3/8/2019,bank stock roundup concerns rife on global issues jpmorgan amp bofa in focus 
3/8/2019,us stocks on the moveeventbrite banks oil stocks big lots exxon mobil dropcar 20190
3/8/2019,us stocks on the moveeventbrite banks big lots exxonmobil 20190
3/8/2019,us stockswall st drops on paltry jobs growth global slowdown worries 20190
3/8/2019,wall st drops on paltry jobs growth global slowdown worries 20190
3/7/2019,sp nasdaq log worst losing streaks since december 
3/7/2019,china tightens rules on wealth management boosting prospects for foreign banks 20190
3/7/2019,buy amazon stock with both hands for this catalyst 
3/7/2019,financial sector update for 03072019 apo coop fitb mbfi jpm bac wfc c usb 
3/7/2019,southwest georgia financial corporation sgb ex dividend date scheduled for march 08 2019 
3/7/2019,umb financial corporation umbf ex dividend date scheduled for march 08 2019 
3/7/2019,patriot national bancorp inc pnbk ex dividend date scheduled for march 08 2019 
3/7/2019,capital city bank group ccbg ex dividend date scheduled for march 08 2019 
3/7/2019,cb financial services inc cbfv ex dividend date scheduled for march 08 2019 
3/7/2019,the zacks analyst blog highlights disney jp morgan netflix and amazon 
3/7/2019,us stocks on the movekroger arqule chip stocks bio path holdings health insurers 20190
3/7/2019,wall street slips for fourth day after dovish ecb stance 20190
3/7/2019,us stockswall street slips for fourth day after dovish ecb stance 20190
3/7/2019,fed relieves major us banks of qualitative stress test 
3/7/2019,us stocks on the movebig us banks kroger gtx yext rosetta stone 20190
3/7/2019,dovish ecb stance pushes wall st to fourth day of losses 20190
3/7/2019,us stocksdovish ecb stance pushes wall st to fourth day of losses 20190
3/7/2019,us stockswall st falls on losses in bank stocks after ecb announces stimulus 20190
3/7/2019,wall st falls on losses in bank stocks after ecb announces stimulus 20190
3/6/2019,jp morgan says disney streaming will challenge netflix buy dis stock 
3/6/2019,federal reserve scraps qualitative test for us banks in 2019 stress tests 20190
3/6/2019,amazon berkshire jpmorgan healthcare company to be called haven 20190
3/6/2019,lyft ipo has fewer wall street seats than it seems 20190
3/6/2019,financial sector update for 03062019 aon wltw scm bxs jpm bac wfc c usb 
3/6/2019,regions financial corporation rf ex dividend date scheduled for march 07 2019 
3/6/2019,auburn national bancorporation inc aubn ex dividend date scheduled for march 07 2019 
3/6/2019,county bancorp inc icbk ex dividend date scheduled for march 07 2019 
3/6/2019,northern trust corporation ntrs ex dividend date scheduled for march 07 2019 
3/6/2019,popular inc bpop ex dividend date scheduled for march 07 2019 
3/6/2019,severn bancorp inc svbi ex dividend date scheduled for march 07 2019 
3/6/2019,united bankshares inc ubsi ex dividend date scheduled for march 07 2019 
3/6/2019,first financial northwest inc ffnw ex dividend date scheduled for march 07 2019 
3/6/2019,mutualfirst financial inc mfsf ex dividend date scheduled for march 07 2019 
3/6/2019,bank of the james financial group inc botj ex dividend date scheduled for march 07 2019 
3/6/2019,jpmorgan abstains from financing private prison industry 
3/6/2019,us bancorp usb sec filing reveals hike in ceos 2018 pay 
3/5/2019,how to invest like warren buffet with etfs 
3/5/2019,financial sector update for 03052019 afh stfc jpm bac wfc c usb 
3/5/2019,banco bradesco sa bbdo ex dividend date scheduled for march 06 2019 
3/5/2019,elmira savings bank ny esbk ex dividend date scheduled for march 06 2019 
3/5/2019,banco bradesco sa bbd ex dividend date scheduled for march 06 2019 
3/5/2019,wall street ekes out gains after retail earnings trade in focus 20190
3/5/2019,us stockswall street ekes out gains after retail earnings trade in focus 20190
3/5/2019,citigroup stock is a rare value among expensive financial services shares 
3/5/2019,digital banking startup chime valued at 15 bln in new 200 mln round 20190
3/5/2019,jpmorgan backs away from private prison finance 20190
3/4/2019,in rare move us judge orders acquittal of barclays currency trader 20190
3/4/2019,the zacks analyst blog highlights facebook johnson amp johnson jpmorgan sun life and evergy 
3/4/2019,financial sector update for 03042019 ajg kkr nep praa jpm bac wfc c usb 
3/4/2019,fifth third raises ceo carmichaels 2018 compensation by 29 
3/3/2019,apple goldman credit card is far from a no brainer 
3/1/2019,top stock reports for facebook johnson johnson jpmorgan 
3/1/2019,data manager datastax prepares for ipo 20190
3/1/2019,noteworthy etf outflows iwd jpm xom cmcsa 
3/1/2019,china a shares etfs to roar higher on msci move 
3/1/2019,the zacks analyst blog highlights goldman sachs jpmorgan barclays and bank of america 
3/1/2019,jpmorgan evaluates option to establish private bank in china 
3/1/2019,jpmorgan extends lease to house staff if no deal brexit occurs 
3/1/2019,financial sector update for 03012019 gsbd mufg cg jpm wfc bac c usb 
3/1/2019,fnb corporation fnb ex dividend date scheduled for march 04 2019 
3/1/2019,keycorp key ex dividend date scheduled for march 04 2019 
3/1/2019,hancock whitney corporation hwc ex dividend date scheduled for march 04 2019 
3/1/2019,old point financial corporation opof ex dividend date scheduled for march 04 2019 
3/1/2019,japans daiichi sankyo explores otc drugs business sale hires jpmorgan 20190
3/1/2019,jpmorgan keeps venezuela in emerging bond indexes  fund managers 20190
3/1/2019,uk data centre operator global switch picks banks for 1 bln hk ipo 20190
2/28/2019,buy square stock after q4 earnings as sq expands fintech reach 
2/28/2019,zero fee etfs what you need to know 
2/28/2019,eu rolls out strict rules for foreign based investment managers 
2/28/2019,financial sector update for 02282019 fg tme kkr jpm wfc bac c usb 
2/28/2019,the zacks analyst blog highlights berkshire hathaway bank of america us bancorp jpmorgan chase and bank of new york mellon 
2/28/2019,emclaire financial corp emcf ex dividend date scheduled for march 01 2019 
2/28/2019,itau unibanco banco holding sa itub ex dividend date scheduled for march 01 2019 
